{"Assets/Fonts/RobotoBold.ttf":["Assets/Fonts/RobotoBold.ttf"],"Assets/Fonts/RobotoItalic.ttf":["Assets/Fonts/RobotoItalic.ttf"],"Assets/Fonts/RobotoRegular.ttf":["Assets/Fonts/RobotoRegular.ttf"],"Assets/Images/account.png":["Assets/Images/account.png"],"Assets/Images/bag.png":["Assets/Images/bag.png"],"Assets/Images/cart.png":["Assets/Images/cart.png"],"Assets/Images/category.png":["Assets/Images/category.png"],"Assets/Images/deals.png":["Assets/Images/deals.png"],"Assets/Images/document.png":["Assets/Images/document.png"],"Assets/Images/fav.png":["Assets/Images/fav.png"],"Assets/Images/home.png":["Assets/Images/home.png"],"Assets/Images/logo.png":["Assets/Images/logo.png"],"Assets/Images/logom.png":["Assets/Images/logom.png"],"Assets/Images/menu.png":["Assets/Images/menu.png"],"Assets/Images/order.png":["Assets/Images/order.png"],"Assets/Images/products.png":["Assets/Images/products.png"],"Assets/Images/style-1.gif":["Assets/Images/style-1.gif"],"Assets/Images/style-10.gif":["Assets/Images/style-10.gif"],"Assets/Images/style-12.gif":["Assets/Images/style-12.gif"],"Assets/Images/style-13.gif":["Assets/Images/style-13.gif"],"Assets/Images/style-15.gif":["Assets/Images/style-15.gif"],"Assets/Images/style-16.gif":["Assets/Images/style-16.gif"],"Assets/Images/style-3.gif":["Assets/Images/style-3.gif"],"Assets/Images/style-6.gif":["Assets/Images/style-6.gif"],"Assets/Images/style-7.gif":["Assets/Images/style-7.gif"],"Assets/Images/style-9.gif":["Assets/Images/style-9.gif"],"Assets/Images/worldwide.png":["Assets/Images/worldwide.png"],"Assets/lottie/countries.json":["Assets/lottie/countries.json"],"Assets/lottie/currencylist.json":["Assets/lottie/currencylist.json"],"Assets/lottie/searchempty.json":["Assets/lottie/searchempty.json"],"packages/cupertino_icons/assets/CupertinoIcons.ttf":["packages/cupertino_icons/assets/CupertinoIcons.ttf"],"packages/font_awesome_flutter/lib/fonts/fa-brands-400.ttf":["packages/font_awesome_flutter/lib/fonts/fa-brands-400.ttf"],"packages/font_awesome_flutter/lib/fonts/fa-regular-400.ttf":["packages/font_awesome_flutter/lib/fonts/fa-regular-400.ttf"],"packages/font_awesome_flutter/lib/fonts/fa-solid-900.ttf":["packages/font_awesome_flutter/lib/fonts/fa-solid-900.ttf"],"packages/im_stepper/assets/me.jpg":["packages/im_stepper/assets/me.jpg"]}